{
    "MOD_BRAKES": [
        2,
        0
    ],
    "MOD_ENGINE": [
        3,
        0
    ],
    "MOD_FRONTWHEEL": [
        15,
        1
    ],
    "MOD_SUSPENSION": [
        3,
        0
    ],
    "MOD_TIRESMOKE": "TOGGLE",
    "MOD_TRANSMISSION": [
        2,
        0
    ],
    "MOD_TURBO": "TOGGLE",
    "clan_logo": 0,
    "dash_color": 0,
    "drift_tires": 0,
    "has_collision": true,
    "headlight_color": 255,
    "interior_color": 1,
    "is_visible": true,
    "model_attachments": [],
    "neon_color": [
        255,
        0,
        255
    ],
    "neon_lights": [
        false,
        false,
        false,
        false
    ],
    "pearlescent_color": 10,
    "plate_text": "TORETTO",
    "plate_text_index": 1,
    "primary_color": 0,
    "radio_station": "RADIO_02_POP",
    "secondary_color": 0,
    "tire_can_burst": 0,
    "tire_smoke_color": [
        255,
        255,
        255
    ],
    "vehicle_attachments": [],
    "vehicle_extras": [
        [
            2,
            false
        ],
        [
            3,
            true
        ],
        [
            5,
            true
        ]
    ],
    "vehicle_model_hash": 2175389151,
    "vehicle_window_tint": 1,
    "wheel_color": 0,
    "wheel_type": 1
}