{
    "MOD_BRAKES": [
        2,
        0
    ],
    "MOD_DASHBOARD": [
        0,
        0
    ],
    "MOD_ENGINE": [
        3,
        0
    ],
    "MOD_ENGINEBLOCK": [
        2,
        0
    ],
    "MOD_EXHAUST": [
        3,
        0
    ],
    "MOD_FRONTWHEEL": [
        6,
        0
    ],
    "MOD_GRILLE": [
        1,
        0
    ],
    "MOD_HOOD": [
        0,
        0
    ],
    "MOD_LIVERY": [
        5,
        0
    ],
    "MOD_ORNAMENTS": [
        20,
        0
    ],
    "MOD_SIDESKIRT": [
        0,
        0
    ],
    "MOD_SUSPENSION": [
        2,
        0
    ],
    "MOD_TIRESMOKE": "TOGGLE",
    "MOD_TRANSMISSION": [
        2,
        0
    ],
    "MOD_TURBO": "TOGGLE",
    "MOD_XENONHEADLIGHTS": "TOGGLE",
    "clan_logo": 0,
    "dash_color": 4,
    "drift_tires": 0,
    "has_collision": true,
    "headlight_color": 255,
    "interior_color": 1,
    "is_visible": true,
    "model_attachments": [],
    "neon_color": [
        255,
        0,
        255
    ],
    "neon_lights": [
        false,
        false,
        false,
        false
    ],
    "pearlescent_color": 37,
    "plate_text": "HAN",
    "plate_text_index": 1,
    "primary_color": 38,
    "radio_station": "RADIO_02_POP",
    "secondary_color": 0,
    "tire_can_burst": 1,
    "tire_smoke_color": [
        255,
        255,
        255
    ],
    "vehicle_attachments": [],
    "vehicle_extras": [
        [
            1,
            true
        ],
        [
            2,
            false
        ]
    ],
    "vehicle_model_hash": 633712403,
    "vehicle_window_tint": 0,
    "wheel_color": 0,
    "wheel_type": 12
}