{
    "blend_data": {
        "is_parent": 1,
        "shape_first_id": 31,
        "shape_mix": 0.04941176250576973,
        "shape_second_id": 0,
        "shape_third_id": 0,
        "skin_first_id": 31,
        "skin_mix": 0.7535293698310852,
        "skin_second_id": 0,
        "skin_third_id": 0,
        "third_mix": 0.0
    },
    "components": {
        "0": {
            "drawable_id": 1,
            "texture_id": 0
        },
        "1": {
            "drawable_id": 0,
            "texture_id": 0
        },
        "10": {
            "drawable_id": 10,
            "texture_id": 0
        },
        "11": {
            "drawable_id": 103,
            "texture_id": 3
        },
        "2": {
            "drawable_id": 73,
            "texture_id": 0
        },
        "3": {
            "drawable_id": 3,
            "texture_id": 0
        },
        "4": {
            "drawable_id": 61,
            "texture_id": 9
        },
        "5": {
            "drawable_id": 0,
            "texture_id": 0
        },
        "6": {
            "drawable_id": 1,
            "texture_id": 6
        },
        "7": {
            "drawable_id": 116,
            "texture_id": 0
        },
        "8": {
            "drawable_id": 239,
            "texture_id": 0
        },
        "9": {
            "drawable_id": 6,
            "texture_id": 1
        }
    },
    "model": 2627665880,
    "props": {
        "0": {
            "drawable_id": -1,
            "texture_id": -1
        },
        "1": {
            "drawable_id": -1,
            "texture_id": -1
        },
        "2": {
            "drawable_id": -1,
            "texture_id": -1
        },
        "6": {
            "drawable_id": -1,
            "texture_id": -1
        },
        "7": {
            "drawable_id": -1,
            "texture_id": -1
        }
    }
}
