{
    "blend_data": {
        "is_parent": 1,
        "shape_first_id": 0,
        "shape_mix": 0.0,
        "shape_second_id": 0,
        "shape_third_id": 0,
        "skin_first_id": 31,
        "skin_mix": 0.5476470589637756,
        "skin_second_id": 42,
        "skin_third_id": 0,
        "third_mix": 0.0
    },
    "components": {
        "0": {
            "drawable_id": 0,
            "texture_id": 0
        },
        "1": {
            "drawable_id": 51,
            "texture_id": 5
        },
        "10": {
            "drawable_id": 0,
            "texture_id": 0
        },
        "11": {
            "drawable_id": 88,
            "texture_id": 3
        },
        "2": {
            "drawable_id": 81,
            "texture_id": 0
        },
        "3": {
            "drawable_id": 4,
            "texture_id": 0
        },
        "4": {
            "drawable_id": 4,
            "texture_id": 0
        },
        "5": {
            "drawable_id": 0,
            "texture_id": 0
        },
        "6": {
            "drawable_id": 32,
            "texture_id": 15
        },
        "7": {
            "drawable_id": 111,
            "texture_id": 0
        },
        "8": {
            "drawable_id": 0,
            "texture_id": 2
        },
        "9": {
            "drawable_id": 0,
            "texture_id": 0
        }
    },
    "model": 1885233650,
    "props": {
        "0": {
            "drawable_id": 54,
            "texture_id": 0
        },
        "1": {
            "drawable_id": 7,
            "texture_id": 0
        },
        "2": {
            "drawable_id": 8,
            "texture_id": 0
        },
        "6": {
            "drawable_id": -1,
            "texture_id": -1
        },
        "7": {
            "drawable_id": -1,
            "texture_id": -1
        }
    }
}
