{
    "MOD_AIRFILTER": [
        3,
        0
    ],
    "MOD_ARMOR": [
        4,
        0
    ],
    "MOD_BRAKES": [
        2,
        0
    ],
    "MOD_COLUMNSHIFTERLEVERS": [
        9,
        0
    ],
    "MOD_DIALDESIGN": [
        8,
        0
    ],
    "MOD_ENGINE": [
        3,
        0
    ],
    "MOD_EXHAUST": [
        2,
        0
    ],
    "MOD_FRAME": [
        1,
        0
    ],
    "MOD_FRONTBUMPER": [
        3,
        0
    ],
    "MOD_FRONTWHEEL": [
        116,
        0
    ],
    "MOD_GRILLE": [
        1,
        0
    ],
    "MOD_HOOD": [
        1,
        0
    ],
    "MOD_HORNS": [
        16,
        0
    ],
    "MOD_HYDRAULICS": [
        3,
        0
    ],
    "MOD_LIVERY": [
        4,
        0
    ],
    "MOD_ORNAMENTS": [
        20,
        0
    ],
    "MOD_PLAQUES": [
        18,
        0
    ],
    "MOD_PLATEHOLDER": [
        11,
        0
    ],
    "MOD_REARBUMPER": [
        0,
        0
    ],
    "MOD_SPEAKERS": [
        1,
        0
    ],
    "MOD_SPOILERS": [
        0,
        0
    ],
    "MOD_STEERINGWHEELS": [
        15,
        0
    ],
    "MOD_TIRESMOKE": "TOGGLE",
    "MOD_TRANSMISSION": [
        2,
        0
    ],
    "MOD_TRIMDESIGN": [
        11,
        0
    ],
    "MOD_TRUNK": [
        4,
        0
    ],
    "MOD_VANITYPLATES": [
        13,
        0
    ],
    "MOD_XENONHEADLIGHTS": "TOGGLE",
    "clan_logo": 0,
    "dash_color": 92,
    "drift_tires": 0,
    "has_collision": true,
    "headlight_color": 4,
    "interior_color": 99,
    "is_visible": true,
    "model_attachments": [],
    "neon_color": [
        94,
        255,
        1
    ],
    "neon_lights": [
        true,
        true,
        true,
        true
    ],
    "pearlescent_color": 92,
    "plate_text": "KRZMENU",
    "plate_text_index": 12,
    "primary_color": 0,
    "radio_station": "OFF",
    "secondary_color": 92,
    "tire_can_burst": 0,
    "tire_smoke_color": [
        114,
        204,
        114
    ],
    "vehicle_attachments": [],
    "vehicle_extras": [],
    "vehicle_model_hash": 223258115,
    "vehicle_window_tint": 1,
    "wheel_color": 55,
    "wheel_type": 9
}